{
  "sun": {
    "a0": 286.13,
    "d0": 63.87,
    "W": 84.176,
    "d": [14.1844]
  },
  "mercury": {
    "a0": 281.0103,
    "a0_T": [-0.0328],
    "d0": 61.4155,
    "d0_T": [-0.0049],
    "W": 329.5988,
    "W_d": [
      6.1385108,
      [0.01067257, 174.7910857, 4.092335],
      [-0.00112309, 349.5821714, 8.184670],
      [-0.0001104, 164.3732571, 12.277005],
      [-0.00002539, 339.1643429, 16.36934],
      [-0.00000571, 153.9554286, 20.461675]
    ]
  },
  "venus": {
    "a0": 272.76,
    "d0": 67.16,
    "W": 160.2,
    "W_d": [-1.4813688]
  },
  "earth": {
    "a0": 0,
    "a0_T": [-0.641],
    "d0": 90,
    "d0_T": [-0.557],
    "W": 190.147,
    "W_d" : [360.9856235]
  },
  "mars": {
    "a0": 317.269202,
    "a0_T": [
        -0.10927547,
      [0.000068, 198.991226, 19139.4819985],
      [0.000238, 226.292679, 38280.8511281],
      [0.000052, 249.663391, 57420.7251593],
      [0.000009, 266.183510, 76560.6367950],
      [0.419057, 79.398797, 0.5042615]
    ],
    "d0": 54.432516,
    "d0_T": [
        -0.05827105,
      [0.000051, 122.433576, 19139.9407476],
      [0.000141, 43.058401, 38280.8753272],
      [0.000031, 57.663379, 57420.7517205],
      [0.000005, 79.476401, 76560.6495004],
      [1.591274, 166.325722, 0.5042615]
    ],
    "W": 176.049863,
    "W_d": [
      350.891982443297
    ],
    "W_T": [
      [0.000145, 129.071773, 19140.0328244],
      [0.000157, 36.352167, 38281.0473591],
      [0.000040, 56.668646, 57420.9295360],
      [0.000001, 67.364003, 76560.2552215],
      [0.000001, 104.792680, 95700.4387578],
      [0.584542, 95.391654, 0.5042615]
    ]
  },
  "jupiter": {
    "a0": 268.056595,
    "a0_T": [
        -0.006499,
      [0.000117, 99.360714, 4850.4046],
      [0.000938, 175.895369, 1191.9605],
      [0.001432, 300.323162, 262.5475],
      [0.000030, 114.012305, 6070.2476],
      [0.002150, 49.511251, 64.3]
    ],
    "d0": 64.495303,
    "d0_T": [
        0.002413,
      [0.000050, 99.360714, 4850.4046],
      [0.000404, 175.895369, 1191.9605],
      [0.000617, 300.323162, 262.5475],
      [-0.000013, 114.012305, 6070.2476],
      [0.000926, 49.511251, 64.3]
    ],
    "W": 284.95,
    "W_d": [870.5360000]
  },
  "saturn": {
    "a0": 40.589,
    "a0_T": [-0.036],
    "d0": 83.537,
    "d0_T": [-0.004],
    "W": 38.90,
    "W_d": [810.7939024]
  },
  "uranus": {
    "a0": 257.311,
    "d0": -15.175,
    "W": 203.81,
    "W_d": [-501.1600928]
  },
  "neptune": {
    "a0" : 299.36,
    "a0_T" : [
        [0.70, 357.85, 52.316]
    ],
    "d0": 43.46,
    "d0_T" :[
        -0.51, 357.85, 52.316
    ],
    "W": 249.978,
    "W_d": [
      541.1397757
    ],
    "W_T": [
      [-0.48, 357.85, 52.316]
    ]
  },



  "moon": {
    "a0": 269.9949,
    "a0_T": [
      0.0031
    ],
    "a0_d": [
      [-3.8787, 125.045, -0.0529921],
      [-0.1204, 250.089, -0.1059842],
      [0.0700, 260.008, 13.0120009],
      [-0.0172, 176.625, 13.3407154],
      [0.0072, 311.589, 26.4057084],
      [-0.0052, 15.134, -0.1589763],
      [0.0043, 25.053, 12.9590088]
    ],
    "d0": 66.5392,
    "d0_T": [
      0.0130
    ],
    "d0_a": [
      [1.5419, 125.045, -0.0529921],
      [0.0239, 250.089, -0.1059842],
      [-0.0278, 260.008, 13.0120009],
      [0.0068, 176.625, 13.3407154],
      [-0.0029, 311.589, 26.4057084],
      [0.0009, 134.963, 13.0649930],
      [0.0008, 15.134, -0.1589763],
      [-0.0009, 25.053, 12.9590088]
    ],
    "W": 38.3213,
    "W_d": [
      13.17635815,
      [-1.4e-12, 0],
      [3.5610, 125.045, -0.0529921],
      [0.1208, 250.089, -0.1059842],
      [-0.0642, 260.008, 13.0120009],
      [0.0158, 176.625, 13.3407154],
      [0.0252, 357.529, 0.9856003],
      [-0.0066, 311.589, 26.4057084],
      [-0.0047, 134.963, 13.0649930],
      [-0.0046, 276.617, 0.3287146],
      [0.0028, 34.226, 1.7484877],
      [0.0052, 15.134, -0.1589763],
      [0.0040, 119.743, 0.0036096],
      [0.0019, 239.961, 0.1643573],
      [-0.0044, 25.053, 12.9590088]
    ]
  },
  "phobos": {
    "a0": 317.67071657,
    "a0_T": [
      -0.10844326,
      [-1.78428399, 190.72646643, 15917.10818695],
      [ 0.02212824,  21.46892470, 31834.27934054],
      [-0.01028251, 332.86082793, 19139.89694742],
      [-0.00475595, 394.93256437, 38280.79631835]
    ],
    "d0": 52.88627266,
    "d0_T": [
      -0.06134706,
      [-1.07516537, 190.72646643, 15917.10818695],
      [ 0.00668626,  21.46892470, 31834.27934054],
      [-0.00648740, 332.86082793, 19139.89694742],
      [ 0.00281576, 394.93256437, 38280.79631835]
    ],
    "W": 34.9964842535,
    "W_d": [1128.84475928],
    "W_T": [
      [ 1.42421769, 190.72646643, 15917.10818695],
      [-0.02273783,  21.46892470, 31834.27934054],
      [ 0.00410711, 332.86082793, 19139.89694742],
      [ 0.00631964, 394.93256437, 38280.79631835],
      [ 1.143     , 189.63271560, 41215158.18420050]
    ]
  },
  "deimos": {
    "a0": 316.65705808,
    "a0_T": [
      -0.10518014,
      [ 3.09217726, 121.46893664, 660.22803474],
      [ 0.22980637, 231.05028581, 660.99123540],
      [ 0.06418655, 251.37314025, 1320.50145245],
      [ 0.02533537, 217.98635955, 38279.96125550],
      [ 0.00778695, 196.19729402, 19139.83628608]
    ],
    "d0": 53.50992033,
    "d0_T": [
      -0.05979094,
      [ 1.83936004, 121.46893664, 660.22803474],
      [ 0.14325320, 231.05028581, 660.99123540],
      [ 0.01911409, 251.37314025, 1320.50145245],
      [-0.01482590, 217.98635955, 38279.96125550],
      [ 0.00192430, 196.19729402, 19139.83628608]
    ],
    "W": 79.39932954,
    "W_d": [285.16188899],
    "W_T": [
      [-2.73954829, 121.46893664, 660.22803474],
      [-0.39968606, 231.05028581, 660.99123540],
      [-0.06563259, 251.37314025, 1320.50145245],
      [-0.02912940, 217.98635955, 38279.96125550],
      [ 0.01699160, 196.19729402, 19139.83628608]
    ]
  },
    "metis": {
        "a0": 268.05,
        "a0_T": [-0.009],
        "d0": 64.49,
        "d0_T": [0.003],
        "W": 346.09,
        "W_d": [1221.2547301]
    },
    "adrastea": {
        "a0": 268.05,
        "a0_T": [-0.009],
        "d0": 64.49,
        "d0_T": [0.003],
        "W": 33.29,
        "W_d": [1206.9986602]
    },
    "amalthea": {
        "a0": 268.05,
        "a0_T": [
        -0.009,
        [-0.84, 73.32, 91472.9],
        [ 0.01, 146.64, 182945.8]
        ],
        "d0": 64.49,
        "d0_T": [
        0.003,
        [-0.36, 73.32, 91472.9]
        ],
        "W": 231.67,
        "W_d": [722.6314560],
        "W_T": [
        [ 0.76, 73.32, 91472.9],
        [-0.01, 146.64, 182945.8]
        ]
    },
    "thebe": {
        "a0": 268.05,
        "a0_T": [
        -0.009,
        [-2.11, 24.62, 45137.2],
        [ 0.04, 49.24, 90274.4]
        ],
        "d0": 64.49,
        "d0_T": [
        0.003,
        [-0.91, 24.62, 45137.2],
        [ 0.01, 49.24, 90274.4]
        ],
        "W": 8.56,
        "W_d": [533.7004100],
        "W_T": [
        [ 1.91, 24.62, 45137.2],
        [-0.04, 49.24, 90274.4]
        ]
    },
    "io": {
        "a0": 268.05,
        "a0_T": [
        -0.009,
        [ 0.094, 283.90, 4850.7],
        [ 0.024, 355.80, 1191.3]
        ],
        "d0": 64.50,
        "d0_T": [
        0.003,
        [ 0.040, 283.90, 4850.7],
        [ 0.011, 355.80, 1191.3]
        ],
        "W": 200.39,
        "W_d": [203.4889538],
        "W_T": [
        [-0.085, 283.90, 4850.7],
        [-0.022, 355.80, 1191.3]
        ]
    },
    "europa": {
        "a0": 268.08,
        "a0_T": [
        -0.009,
        [ 1.086, 355.80, 1191.3],
        [ 0.060, 119.90, 262.1],
        [ 0.015, 229.80, 64.3],
        [ 0.009, 352.25, 2382.6]
        ],
        "d0": 64.51,
        "d0_T": [
        0.003,
        [ 0.468, 355.80, 1191.3],
        [ 0.026, 119.90, 262.1],
        [ 0.007, 229.80, 64.3],
        [ 0.002, 352.25, 2382.6]
        ],
        "W": 36.022,
        "W_d": [101.3747235],